SIBOR DATE,SIBOR 1M,SIBOR 3M,SIBOR 6M,SIBOR 12M
02/01/2020,1.749,1.7745,1.82976,1.96788
03/01/2020,1.749,1.77275,1.82963,1.96788
06/01/2020,1.74733,1.7725,1.82563,1.965
07/01/2020,1.74533,1.7725,1.82663,1.964
08/01/2020,1.74733,1.771,1.82676,1.96038
09/01/2020,1.74533,1.771,1.82676,1.9595
10/01/2020,1.74533,1.771,1.82676,1.96338
13/01/2020,1.74333,1.771,1.82676,1.96338
14/01/2020,1.73758,1.771,1.82676,1.96338
15/01/2020,1.73558,1.768,1.82676,1.96338
16/01/2020,1.6855,1.74037,1.82676,1.96338
17/01/2020,1.68717,1.74,1.82363,1.96338
20/01/2020,1.68644,1.74,1.82363,1.96338
21/01/2020,1.68717,1.73862,1.82363,1.96338
22/01/2020,1.6855,1.738,1.82363,1.96338
23/01/2020,1.68414,1.73262,1.82263,1.96338
24/01/2020,1.684,1.73262,1.82263,1.96238
28/01/2020,1.68511,1.73562,1.82163,1.96038
29/01/2020,1.68108,1.73162,1.82063,1.95838
30/01/2020,1.68475,1.71275,1.82363,1.96138
31/01/2020,1.68625,1.71275,1.82363,1.96038
03/02/2020,1.68675,1.71463,1.82576,1.96325
04/02/2020,1.68775,1.71488,1.82563,1.96038
05/02/2020,1.687,1.71488,1.82576,1.96325
06/02/2020,1.68725,1.71375,1.82576,1.96138
07/02/2020,1.6875,1.71501,1.82676,1.96138
10/02/2020,1.68675,1.71501,1.82676,1.96338
11/02/2020,1.68388,1.71501,1.82363,1.96238
12/02/2020,1.68325,1.71313,1.82363,1.96038
13/02/2020,1.68427,1.71277,1.82375,1.96238
14/02/2020,1.68525,1.71264,1.82375,1.96238
17/02/2020,1.68325,1.71239,1.82271,1.96238
18/02/2020,1.683,1.71149,1.82271,1.96238
19/02/2020,1.684,1.71125,1.82271,1.96138
20/02/2020,1.6819,1.71125,1.82171,1.96138
21/02/2020,1.681,1.71125,1.82171,1.96038
24/02/2020,1.68241,1.71125,1.82071,1.96238
25/02/2020,1.67917,1.71225,1.81121,1.94584
26/02/2020,1.68191,1.712,1.80404,1.93746
27/02/2020,1.64279,1.68933,1.80404,1.936
28/02/2020,1.64259,1.68908,1.80217,1.936
02/03/2020,1.58238,1.63013,1.74075,1.874
03/03/2020,1.57951,1.62725,1.742,1.85022
04/03/2020,1.5308,1.57935,1.68838,1.80638
05/03/2020,1.46701,1.47101,1.60431,1.71691
06/03/2020,1.46113,1.46207,1.59648,1.70913
09/03/2020,1.33201,1.35701,1.51813,1.65424
10/03/2020,1.32488,1.34979,1.51246,1.64017
11/03/2020,1.32488,1.35342,1.46476,1.53213
12/03/2020,1.24325,1.3205,1.43584,1.5
13/03/2020,1.12155,1.21683,1.3755,1.43887
16/03/2020,0.99225,1.08125,1.248,1.31325
17/03/2020,0.9875,0.99083,1.17433,1.26083
18/03/2020,0.98917,0.9949,1.17633,1.26183
19/03/2020,0.99192,0.99929,1.17633,1.26183
20/03/2020,0.99292,1.00867,1.17666,1.26183
23/03/2020,0.99392,1.01117,1.17666,1.26183
24/03/2020,0.99392,1.01117,1.17666,1.26183
25/03/2020,0.99492,1.01942,1.17666,1.26183
26/03/2020,0.99292,1.01867,1.17666,1.26083
27/03/2020,0.99292,1.01867,1.17666,1.26083
30/03/2020,0.99192,1.01232,1.17716,1.26083
31/03/2020,0.98858,0.99815,1.17716,1.26166
01/04/2020,0.98875,0.99959,1.17716,1.26166
02/04/2020,0.98875,0.98984,1.17716,1.26166
03/04/2020,0.98875,0.98959,1.17533,1.26166
06/04/2020,0.98617,0.98834,1.17533,1.26166
07/04/2020,0.98833,0.99034,1.17666,1.26166
08/04/2020,0.98833,0.99371,1.17716,1.26166
09/04/2020,0.98833,0.99396,1.17633,1.26166
13/04/2020,0.98833,0.99084,1.17633,1.26166
14/04/2020,0.98833,0.99059,1.17633,1.26166
15/04/2020,0.98617,0.98909,1.17533,1.26166
16/04/2020,0.93783,0.98884,1.17533,1.26166
17/04/2020,0.88963,0.98834,1.17408,1.26166
20/04/2020,0.89004,0.98834,1.17408,1.26041
21/04/2020,0.89167,0.98859,1.17408,1.26093
22/04/2020,0.80667,0.98859,1.17408,1.26041
23/04/2020,0.75333,0.94241,1.05125,1.21563
24/04/2020,0.75334,0.93909,1.05125,1.21563
27/04/2020,0.75,0.93859,1.05125,1.21563
28/04/2020,0.748,0.93842,1.05,1.21438
29/04/2020,0.685,0.88825,1.04875,1.20965
30/04/2020,0.622,0.85808,1.0485,1.20883
04/05/2020,0.56838,0.82841,1.04825,1.20883
05/05/2020,0.4985,0.7505,1,1.16313
06/05/2020,0.439,0.69083,1,1.16079
08/05/2020,0.44663,0.69875,1,1.1593
11/05/2020,0.378,0.68567,0.93775,1.1583
12/05/2020,0.3735,0.68542,0.8755,1.06525
13/05/2020,0.37125,0.65426,0.87275,1.06225
14/05/2020,0.315,0.62325,0.81225,1.06183
15/05/2020,0.3125,0.62225,0.80975,1.05983
18/05/2020,0.31,0.62225,0.80933,1.05983
19/05/2020,0.24942,0.55325,0.749,1.03013
20/05/2020,0.24875,0.55941,0.74775,1.02908
21/05/2020,0.2485,0.55916,0.7475,1.02908
22/05/2020,0.2485,0.55916,0.74725,1.02908
26/05/2020,0.2445,0.55091,0.74725,1.02908
27/05/2020,0.2465,0.55916,0.74725,1.03013
28/05/2020,0.249,0.55941,0.74725,1.03013
29/05/2020,0.248,0.55966,0.74725,1.03013
01/06/2020,0.24825,0.55966,0.74725,1.02908
02/06/2020,0.24825,0.55966,0.74725,1.02908
03/06/2020,0.24925,0.55966,0.74725,1.02908
04/06/2020,0.24925,0.55966,0.71788,0.97092
05/06/2020,0.24925,0.55654,0.71788,0.97084
08/06/2020,0.24925,0.54516,0.71788,0.97084
09/06/2020,0.24925,0.54216,0.71625,0.9698
10/06/2020,0.25,0.54216,0.71563,0.96813
11/06/2020,0.25,0.54216,0.71563,0.9681
12/06/2020,0.25,0.54216,0.71563,0.96725
15/06/2020,0.25267,0.54216,0.71563,0.96725
16/06/2020,0.251,0.52966,0.71563,0.96725
17/06/2020,0.251,0.54216,0.71563,0.96725
18/06/2020,0.251,0.54216,0.71563,0.96725
19/06/2020,0.251,0.53216,0.71563,0.96725
22/06/2020,0.251,0.54216,0.71563,0.96725
23/06/2020,0.253,0.55341,0.71563,0.96725
24/06/2020,0.254,0.55654,0.71563,0.96725
25/06/2020,0.254,0.55966,0.71563,0.96725
26/06/2020,0.254,0.55966,0.71563,0.96725
29/06/2020,0.254,0.55966,0.71563,0.96725
30/06/2020,0.254,0.55654,0.71563,0.96725
01/07/2020,0.254,0.55341,0.71563,0.96725
02/07/2020,0.252,0.55141,0.71563,0.96725
03/07/2020,0.25,0.55016,0.71563,0.96725
06/07/2020,0.25,0.55141,0.71563,0.96725
07/07/2020,0.25,0.55016,0.71563,0.96725
08/07/2020,0.25,0.439,0.6245,0.87725
09/07/2020,0.25,0.437,0.6245,0.8755
13/07/2020,0.25,0.43675,0.6245,0.8755
14/07/2020,0.25,0.43675,0.6245,0.8755
15/07/2020,0.25,0.43675,0.6245,0.8755
16/07/2020,0.25,0.43675,0.6245,0.8755
17/07/2020,0.25,0.43675,0.6245,0.8755
20/07/2020,0.25,0.43675,0.6245,0.8755
21/07/2020,0.25,0.43675,0.6245,0.8755
22/07/2020,0.25,0.43675,0.6245,0.8755
23/07/2020,0.25,0.43775,0.6245,0.8755
24/07/2020,0.25,0.43817,0.6245,0.8755
27/07/2020,0.25,0.43817,0.6245,0.8755
28/07/2020,0.25,0.43866,0.6245,0.8755
29/07/2020,0.25,0.43817,0.6245,0.8755
30/07/2020,0.25,0.43817,0.6245,0.8755
03/08/2020,0.25,0.43817,0.6245,0.8755
04/08/2020,0.25,0.43817,0.6245,0.8755
05/08/2020,0.25,0.43817,0.6245,0.8755
06/08/2020,0.25,0.43775,0.62375,0.8755
07/08/2020,0.25,0.43775,0.62225,0.8755
11/08/2020,0.24875,0.43185,0.62225,0.8755
12/08/2020,0.25,0.43601,0.62225,0.8755
13/08/2020,0.25,0.43619,0.62225,0.8755
14/08/2020,0.25,0.43675,0.62225,0.8755
17/08/2020,0.24875,0.43662,0.62225,0.8755
18/08/2020,0.24875,0.40709,0.59338,0.81475
19/08/2020,0.24875,0.40601,0.59338,0.81425
20/08/2020,0.24875,0.40601,0.59338,0.81425
21/08/2020,0.24875,0.40663,0.59338,0.81425
24/08/2020,0.24875,0.40663,0.59338,0.81425
25/08/2020,0.24875,0.40663,0.59338,0.81411
26/08/2020,0.24775,0.40663,0.59338,0.81411
27/08/2020,0.24775,0.40663,0.59338,0.81411
28/08/2020,0.2475,0.40605,0.59338,0.81225
31/08/2020,0.2475,0.40605,0.59338,0.81225
01/09/2020,0.25,0.40605,0.59338,0.81225
02/09/2020,0.25,0.40605,0.59338,0.81225
03/09/2020,0.25,0.40605,0.59338,0.81225
04/09/2020,0.25,0.40642,0.59338,0.81225
07/09/2020,0.25,0.40721,0.59338,0.81225
08/09/2020,0.25,0.40671,0.59338,0.81225
09/09/2020,0.25,0.40811,0.59338,0.81225
10/09/2020,0.25,0.40943,0.59338,0.81225
11/09/2020,0.25,0.40943,0.59338,0.81225
14/09/2020,0.25,0.40866,0.59338,0.81225
15/09/2020,0.25,0.40768,0.59338,0.81225
16/09/2020,0.25,0.40799,0.59338,0.81225
17/09/2020,0.25,0.40768,0.59338,0.81225
18/09/2020,0.25,0.40868,0.59338,0.81225
21/09/2020,0.25,0.40696,0.59338,0.81225
22/09/2020,0.25,0.40686,0.59338,0.81225
23/09/2020,0.25,0.40697,0.59338,0.81225
24/09/2020,0.25,0.40721,0.59338,0.81225
25/09/2020,0.25,0.40763,0.59338,0.81225
28/09/2020,0.25,0.40644,0.59338,0.81225
29/09/2020,0.25,0.4061,0.59338,0.81225
30/09/2020,0.25,0.40619,0.59338,0.81225
01/10/2020,0.25,0.40658,0.59338,0.81225
02/10/2020,0.25,0.40642,0.59226,0.81225
05/10/2020,0.25,0.40674,0.59226,0.81225
06/10/2020,0.25,0.40621,0.59226,0.81225
07/10/2020,0.25,0.40742,0.59226,0.81225
08/10/2020,0.25,0.40658,0.59226,0.81225
09/10/2020,0.25,0.40629,0.59226,0.81225
12/10/2020,0.25,0.40542,0.59226,0.81225
13/10/2020,0.25,0.40542,0.59338,0.81225
14/10/2020,0.2485,0.40042,0.59338,0.81225
15/10/2020,0.25,0.40542,0.59338,0.81225
16/10/2020,0.25,0.40542,0.593,0.812
19/10/2020,0.25,0.40542,0.593,0.812
20/10/2020,0.25,0.40474,0.593,0.812
21/10/2020,0.25,0.40542,0.593,0.812
22/10/2020,0.25,0.40489,0.593,0.812
23/10/2020,0.25,0.40532,0.593,0.812
26/10/2020,0.25,0.40482,0.593,0.812
27/10/2020,0.25,0.40482,0.593,0.812
28/10/2020,0.25,0.40294,0.593,0.812
29/10/2020,0.25,0.40294,0.593,0.812
30/10/2020,0.25,0.40544,0.593,0.812
02/11/2020,0.25,0.40294,0.593,0.812
03/11/2020,0.25,0.40294,0.593,0.812
04/11/2020,0.25,0.40229,0.593,0.812
05/11/2020,0.25,0.40229,0.593,0.812
06/11/2020,0.25,0.40482,0.593,0.812
09/11/2020,0.25,0.4048,0.593,0.812
10/11/2020,0.25,0.40482,0.593,0.812
11/11/2020,0.25,0.40482,0.593,0.812
12/11/2020,0.25,0.40482,0.593,0.812
13/11/2020,0.25,0.40482,0.593,0.812
16/11/2020,0.25,0.40482,0.593,0.812
17/11/2020,0.25,0.40547,0.593,0.812
18/11/2020,0.25,0.40547,0.593,0.812
19/11/2020,0.25,0.40547,0.593,0.812
20/11/2020,0.25,0.40547,0.593,0.812
23/11/2020,0.25,0.40559,0.593,0.812
24/11/2020,0.25,0.40542,0.593,0.812
25/11/2020,0.2485,0.3998,0.593,0.812
26/11/2020,0.25,0.40542,0.593,0.812
27/11/2020,0.25,0.40542,0.593,0.812
30/11/2020,0.25,0.40542,0.593,0.812
01/12/2020,0.25,0.40542,0.593,0.812
02/12/2020,0.25,0.40542,0.593,0.81158
03/12/2020,0.25,0.40542,0.593,0.81158
04/12/2020,0.25,0.40542,0.593,0.81158
07/12/2020,0.25,0.40542,0.593,0.812
08/12/2020,0.25,0.40542,0.593,0.812
09/12/2020,0.25,0.40542,0.593,0.81158
10/12/2020,0.25,0.40542,0.593,0.81158
11/12/2020,0.25,0.40542,0.59338,0.81158
14/12/2020,0.25167,0.40542,0.59338,0.812
15/12/2020,0.25467,0.40542,0.59338,0.81164
16/12/2020,0.25167,0.40542,0.59338,0.81164
17/12/2020,0.25167,0.40542,0.59338,0.81164
18/12/2020,0.25167,0.40542,0.59338,0.81164
21/12/2020,0.25167,0.40542,0.59338,0.81164
22/12/2020,0.25167,0.40542,0.59338,0.81158
23/12/2020,0.25167,0.40542,0.59338,0.81158
24/12/2020,0.25167,0.40542,0.59338,0.81158
28/12/2020,0.25167,0.40542,0.59338,0.81158
29/12/2020,0.25167,0.40542,0.59338,0.81158
30/12/2020,0.25167,0.40542,0.59338,0.81158
31/12/2020,0.25167,0.40542,0.59338,0.81158
04/01/2021,0.25167,0.40542,0.59338,0
05/01/2021,0.25,0.40542,0.59334,0
06/01/2021,0.25,0.40542,0.59334,0
07/01/2021,0.25,0.40229,0.59334,0
08/01/2021,0.25,0.40542,0.59334,0
11/01/2021,0.25,0.40536,0.59317,0
12/01/2021,0.25,0.40536,0.59195,0
13/01/2021,0.25,0.40536,0.59195,0
14/01/2021,0.25,0.40536,0.59195,0
15/01/2021,0.25,0.40536,0.59195,0
18/01/2021,0.25,0.40536,0.59195,0
19/01/2021,0.25,0.40536,0.59223,0
20/01/2021,0.25,0.40536,0.59223,0
21/01/2021,0.25,0.40536,0.59223,0
22/01/2021,0.25,0.40536,0.59169,0
25/01/2021,0.25,0.40536,0.59169,0
26/01/2021,0.25,0.40536,0.59268,0
27/01/2021,0.25,0.40536,0.59268,0
28/01/2021,0.25,0.40536,0.59268,0
29/01/2021,0.25,0.39875,0.59268,0
01/02/2021,0.25,0.40536,0.59268,0
02/02/2021,0.25,0.40536,0.59268,0
03/02/2021,0.25,0.40536,0.59268,0
04/02/2021,0.25,0.40536,0.59268,0
05/02/2021,0.25,0.40536,0.59268,0
08/02/2021,0.25,0.40536,0.59268,0
09/02/2021,0.25,0.40536,0.59268,0
10/02/2021,0.25,0.40536,0.59268,0
11/02/2021,0.25,0.40536,0.59268,0
15/02/2021,0.25,0.40536,0.59268,0
16/02/2021,0.25,0.40536,0.59268,0
17/02/2021,0.25,0.40536,0.59268,0
18/02/2021,0.25,0.40536,0.59268,0
19/02/2021,0.25,0.40536,0.59321,0
22/02/2021,0.25,0.40536,0.59321,0
23/02/2021,0.27964,0.43643,0.59321,0
24/02/2021,0.28125,0.43679,0.59321,0
25/02/2021,0.28125,0.43679,0.59321,0
26/02/2021,0.28126,0.43714,0.59321,0
01/03/2021,0.28126,0.43714,0.59321,0
02/03/2021,0.28126,0.43714,0.59321,0
03/03/2021,0.28126,0.43714,0.59321,0
04/03/2021,0.28126,0.43714,0.59321,0
05/03/2021,0.28126,0.43679,0.59321,0
08/03/2021,0.28126,0.43679,0.59321,0
09/03/2021,0.28126,0.43679,0.59321,0
10/03/2021,0.28126,0.43679,0.59321,0
11/03/2021,0.28126,0.43679,0.59321,0
12/03/2021,0.28126,0.43679,0.59321,0
15/03/2021,0.28126,0.43679,0.59321,0
16/03/2021,0.28126,0.43679,0.59321,0
17/03/2021,0.28126,0.43679,0.59321,0
18/03/2021,0.28126,0.43679,0.59321,0
19/03/2021,0.28126,0.43714,0.59321,0
22/03/2021,0.28126,0.43714,0.59321,0
23/03/2021,0.28126,0.43714,0.59321,0
24/03/2021,0.28126,0.43714,0.59321,0
25/03/2021,0.28126,0.43714,0.59321,0
26/03/2021,0.28126,0.43714,0.59321,0
29/03/2021,0.28126,0.43714,0.59321,0
30/03/2021,0.28126,0.4375,0.59321,0
31/03/2021,0.28126,0.4375,0.59321,0
01/04/2021,0.28126,0.4375,0.59321,0
05/04/2021,0.28126,0.4375,0.59321,0
06/04/2021,0.28126,0.4375,0.59321,0
07/04/2021,0.28126,0.4375,0.59321,0
08/04/2021,0.28126,0.4375,0.59321,0
09/04/2021,0.28126,0.4375,0.59321,0
12/04/2021,0.28126,0.4375,0.59321,0
13/04/2021,0.28126,0.4375,0.59321,0
14/04/2021,0.28126,0.4375,0.59321,0
15/04/2021,0.28126,0.4375,0.59321,0
16/04/2021,0.265,0.4375,0.59321,0
19/04/2021,0.265,0.4375,0.59321,0
20/04/2021,0.265,0.4375,0.59161,0
21/04/2021,0.265,0.4375,0.59161,0
22/04/2021,0.265,0.4375,0.59161,0
23/04/2021,0.265,0.4375,0.59161,0
26/04/2021,0.265,0.4375,0.59161,0
27/04/2021,0.265,0.4375,0.59161,0
28/04/2021,0.265,0.4375,0.59161,0
29/04/2021,0.26429,0.43607,0.59161,0
30/04/2021,0.265,0.43607,0.59161,0
03/05/2021,0.265,0.43607,0.59161,0
04/05/2021,0.265,0.43607,0.59161,0
05/05/2021,0.265,0.43607,0.59161,0
06/05/2021,0.265,0.43607,0.59161,0
07/05/2021,0.265,0.43607,0.59161,0
10/05/2021,0.265,0.43607,0.59161,0
11/05/2021,0.26429,0.43107,0.59259,0
12/05/2021,0.265,0.43607,0.59259,0
14/05/2021,0.265,0.43607,0.59259,0
17/05/2021,0.265,0.43607,0.59206,0
18/05/2021,0.265,0.43607,0.59225,0
19/05/2021,0.265,0.43607,0.59225,0
20/05/2021,0.265,0.43607,0.59225,0
21/05/2021,0.265,0.43607,0.59225,0
24/05/2021,0.265,0.43607,0.59225,0
25/05/2021,0.265,0.43607,0.59182,0
27/05/2021,0.265,0.43607,0.59193,0
28/05/2021,0.265,0.43607,0.59193,0
31/05/2021,0.265,0.43607,0.59193,0
01/06/2021,0.265,0.43607,0.59107,0
02/06/2021,0.26571,0.43607,0.59107,0
03/06/2021,0.26571,0.43607,0.59107,0
04/06/2021,0.26571,0.43607,0.59107,0
07/06/2021,0.26571,0.43214,0.59107,0
08/06/2021,0.26571,0.43214,0.59107,0
09/06/2021,0.26571,0.43214,0.59107,0
10/06/2021,0.26571,0.43214,0.59107,0
11/06/2021,0.26571,0.43221,0.59107,0
14/06/2021,0.26571,0.43214,0.59107,0
15/06/2021,0.26571,0.43214,0.59107,0
16/06/2021,0.26571,0.43224,0.59107,0
17/06/2021,0.26571,0.43214,0.59107,0
18/06/2021,0.26571,0.43214,0.59107,0
21/06/2021,0.26571,0.43214,0.59107,0
22/06/2021,0.26571,0.43214,0.59107,0
23/06/2021,0.26571,0.43214,0.59107,0
24/06/2021,0.26571,0.43214,0.59107,0
25/06/2021,0.26571,0.43214,0.59107,0
28/06/2021,0.26571,0.43214,0.59107,0
29/06/2021,0.26571,0.43214,0.59107,0
30/06/2021,0.26571,0.43214,0.59107,0
01/07/2021,0.26571,0.43214,0.59107,0
02/07/2021,0.26571,0.43214,0.59107,0
05/07/2021,0.26571,0.43214,0.59107,0
06/07/2021,0.26571,0.43214,0.59107,0
07/07/2021,0.26667,0.43071,0.59107,0
08/07/2021,0.26667,0.43071,0.59107,0
09/07/2021,0.26667,0.43071,0.59107,0
12/07/2021,0.26667,0.43071,0.59107,0
13/07/2021,0.26667,0.43071,0.59107,0
14/07/2021,0.26714,0.43071,0.58775,0
15/07/2021,0.26714,0.43071,0.59107,0
16/07/2021,0.26714,0.43071,0.59107,0
19/07/2021,0.26714,0.43071,0.59107,0
21/07/2021,0.26714,0.43044,0.58753,0
22/07/2021,0.26714,0.43044,0.59107,0
23/07/2021,0.26714,0.43044,0.59107,0
26/07/2021,0.26714,0.43044,0.59107,0
27/07/2021,0.26714,0.43002,0.59107,0
28/07/2021,0.26714,0.43002,0.59107,0
29/07/2021,0.26714,0.43002,0.59107,0
30/07/2021,0.26714,0.43002,0.59107,0
02/08/2021,0.265,0.43002,0.59107,0
03/08/2021,0.265,0.42942,0.59107,0
04/08/2021,0.265,0.42942,0.59107,0
05/08/2021,0.265,0.42942,0.59107,0
06/08/2021,0.265,0.42942,0.59107,0
10/08/2021,0.265,0.42919,0.59107,0
11/08/2021,0.265,0.42919,0.59107,0
12/08/2021,0.265,0.42919,0.59107,0
13/08/2021,0.265,0.42919,0.59107,0
16/08/2021,0.265,0.42919,0.59107,0
17/08/2021,0.265,0.42943,0.59107,0
18/08/2021,0.265,0.42943,0.59107,0
19/08/2021,0.265,0.42943,0.59107,0
20/08/2021,0.265,0.42943,0.59107,0
23/08/2021,0.265,0.42943,0.59107,0
24/08/2021,0.265,0.42882,0.59107,0
25/08/2021,0.265,0.42882,0.59107,0
26/08/2021,0.265,0.42882,0.59107,0
27/08/2021,0.265,0.42882,0.59107,0
30/08/2021,0.265,0.42882,0.59107,0
31/08/2021,0.26714,0.42857,0.59107,0
01/09/2021,0.26714,0.42857,0.59107,0
02/09/2021,0.265,0.42857,0.59107,0
03/09/2021,0.26714,0.42857,0.59107,0
06/09/2021,0.26714,0.42857,0.59107,0
07/09/2021,0.26714,0.42906,0.59107,0
08/09/2021,0.26714,0.42906,0.59107,0
09/09/2021,0.26714,0.42906,0.59107,0
10/09/2021,0.26714,0.42906,0.59107,0
13/09/2021,0.26714,0.42906,0.59107,0
14/09/2021,0.26714,0.42919,0.59107,0
15/09/2021,0.26714,0.42919,0.59107,0
16/09/2021,0.26714,0.42919,0.59107,0
17/09/2021,0.26714,0.42919,0.59107,0
20/09/2021,0.26714,0.42919,0.59107,0
21/09/2021,0.26714,0.42976,0.59107,0
22/09/2021,0.26714,0.42976,0.59107,0
23/09/2021,0.26714,0.42976,0.59107,0
24/09/2021,0.26714,0.42976,0.59107,0
27/09/2021,0.26571,0.42976,0.59107,0
28/09/2021,0.26571,0.42922,0.59107,0
29/09/2021,0.26571,0.42922,0.59107,0
30/09/2021,0.26571,0.42922,0.59107,0
01/10/2021,0.26571,0.42922,0.59107,0
04/10/2021,0.26571,0.43458,0.59107,0
05/10/2021,0.26571,0.43453,0.59107,0
06/10/2021,0.26571,0.43453,0.59107,0
07/10/2021,0.26571,0.43453,0.59107,0
08/10/2021,0.26571,0.43453,0.59107,0
11/10/2021,0.265,0.43453,0.59107,0
12/10/2021,0.265,0.43457,0.59107,0
13/10/2021,0.265,0.43457,0.59107,0
14/10/2021,0.265,0.43457,0.59107,0
15/10/2021,0.265,0.43457,0.59107,0
18/10/2021,0.265,0.43457,0.59107,0
19/10/2021,0.26571,0.43455,0.59107,0
20/10/2021,0.29726,0.4349,0.59161,0
21/10/2021,0.29857,0.4349,0.59161,0
22/10/2021,0.29893,0.4349,0.59161,0
25/10/2021,0.31464,0.4349,0.59161,0
26/10/2021,0.3,0.43504,0.59161,0
27/10/2021,0.3,0.43504,0.59161,0
28/10/2021,0.3,0.43504,0.59161,0
29/10/2021,0.3,0.43504,0.59161,0
01/11/2021,0.3,0.43504,0.59161,0
02/11/2021,0.3,0.43487,0.59161,0
03/11/2021,0.3,0.43487,0.59161,0
05/11/2021,0.3,0.43487,0.59161,0
08/11/2021,0.29929,0.43487,0.59161,0
09/11/2021,0.29929,0.43442,0.59161,0
10/11/2021,0.29929,0.43643,0.59227,0
11/11/2021,0.29929,0.43643,0.59227,0
12/11/2021,0.29929,0.43643,0.59227,0
15/11/2021,0.29929,0.43643,0.59227,0
16/11/2021,0.29929,0.43643,0.59229,0
17/11/2021,0.29929,0.43643,0.59321,0
18/11/2021,0.3,0.43643,0.59321,0
19/11/2021,0.3,0.43643,0.59321,0
22/11/2021,0.3,0.43643,0.59321,0
23/11/2021,0.3,0.43643,0.59321,0
24/11/2021,0.3,0.43643,0.59321,0
25/11/2021,0.3,0.4375,0.59321,0
26/11/2021,0.3,0.4375,0.59321,0
29/11/2021,0.3,0.4375,0.59321,0
30/11/2021,0.3,0.4375,0.59321,0
01/12/2021,0.3,0.4375,0.59321,0
02/12/2021,0.30238,0.4375,0.59321,0
03/12/2021,0.30238,0.4375,0.59321,0
06/12/2021,0.30238,0.4375,0.59321,0
07/12/2021,0.30238,0.4375,0.59321,0
08/12/2021,0.30238,0.4375,0.59321,0
09/12/2021,0.30238,0.4375,0.59321,0
10/12/2021,0.30238,0.4375,0.59321,0
13/12/2021,0.30238,0.4375,0.59321,0
14/12/2021,0.30238,0.4375,0.59321,0
15/12/2021,0.30238,0.4375,0.59321,0
16/12/2021,0.30238,0.4375,0.59321,0
17/12/2021,0.30238,0.4375,0.59321,0
20/12/2021,0.30238,0.4375,0.59321,0
21/12/2021,0.30238,0.4375,0.59321,0
22/12/2021,0.30238,0.4375,0.59321,0
23/12/2021,0.30238,0.4375,0.59321,0
24/12/2021,0.30238,0.4375,0.59321,0
27/12/2021,0.30238,0.4375,0.59321,0
28/12/2021,0.30238,0.4375,0.59321,0
29/12/2021,0.30238,0.4375,0.59321,0
30/12/2021,0.30238,0.4375,0.59321,0
31/12/2021,0.3,0.4375,0.59321,0
03/01/2022,0.3,0.4375,0.59321,0
04/01/2022,0.3,0.4375,0.59321,0
05/01/2022,0.3,0.4375,0.59321,0
06/01/2022,0.3,0.4375,0.59321,0
07/01/2022,0.3,0.4375,0.59321,0
10/01/2022,0.3,0.4375,0.59321,0
11/01/2022,0.3,0.43743,0.59321,0
12/01/2022,0.3,0.43743,0.59321,0
13/01/2022,0.3,0.43743,0.59321,0
14/01/2022,0.3,0.43743,0.59321,0
17/01/2022,0.3,0.435,0.59321,0
18/01/2022,0.3,0.435,0.59242,0
19/01/2022,0.3,0.435,0.59242,0
20/01/2022,0.3,0.435,0.59242,0
21/01/2022,0.3,0.435,0.59242,0
24/01/2022,0.3,0.435,0.59242,0
25/01/2022,0.3,0.4375,0.59267,0
26/01/2022,0.3,0.4375,0.59267,0
27/01/2022,0.3,0.4375,0.59267,0
28/01/2022,0.3,0.4375,0.59267,0
31/01/2022,0.3,0.4375,0.59267,0
03/02/2022,0.3,0.4375,0.59274,0
04/02/2022,0.3,0.4375,0.59274,0
07/02/2022,0.3,0.4375,0.59274,0
08/02/2022,0.3,0.4375,0.5925,0
09/02/2022,0.3,0.4375,0.5925,0
10/02/2022,0.3,0.4375,0.5925,0
11/02/2022,0.3,0.4375,0.5925,0
14/02/2022,0.3,0.4375,0.5925,0
15/02/2022,0.3,0.4375,0.59248,0
16/02/2022,0.3,0.4375,0.59248,0
17/02/2022,0.3,0.4375,0.59248,0
18/02/2022,0.3,0.4375,0.59321,0
21/02/2022,0.3,0.4375,0.59321,0
22/02/2022,0.3,0.4375,0.59321,0
23/02/2022,0.30238,0.54763,0.62036,0
24/02/2022,0.30286,0.57379,0.64286,0
25/02/2022,0.43214,0.58875,0.65464,0
28/02/2022,0.43643,0.59054,0.65536,0
01/03/2022,0.43643,0.59054,0.65446,0
02/03/2022,0.43643,0.59054,0.65536,0
03/03/2022,0.43643,0.60124,0.65625,0
04/03/2022,0.43643,0.6266,0.69267,0
07/03/2022,0.43643,0.6266,0.69285,0
08/03/2022,0.43643,0.62803,0.69267,0
09/03/2022,0.43643,0.62839,0.69321,0
10/03/2022,0.43643,0.62874,0.69321,0
11/03/2022,0.43643,0.6291,0.69321,0
14/03/2022,0.43643,0.62946,0.69321,0
15/03/2022,0.43643,0.63035,0.69321,0
16/03/2022,0.43643,0.63035,0.69321,0
17/03/2022,0.48696,0.69178,0.72429,0
18/03/2022,0.49179,0.69321,0.725,0
21/03/2022,0.49179,0.69321,0.72464,0
22/03/2022,0.49376,0.69321,0.725,0
23/03/2022,0.49376,0.69514,0.73122,0
24/03/2022,0.49376,0.69514,0.73122,0
25/03/2022,0.49376,0.69514,0.73158,0
28/03/2022,0.49501,0.69532,0.73265,0
29/03/2022,0.6375,0.75821,0.79382,0
30/03/2022,0.66678,0.78929,0.82248,0
31/03/2022,0.66749,0.78929,0.82107,0
01/04/2022,0.66874,0.78929,0,0
04/04/2022,0.67036,0.78929,0,0
05/04/2022,0.67036,0.78929,0,0
06/04/2022,0.67661,0.86321,0,0
07/04/2022,0.67054,0.86321,0,0
08/04/2022,0.67054,0.86321,0,0
11/04/2022,0.67054,0.86321,0,0
12/04/2022,0.67054,0.86357,0,0
13/04/2022,0.67054,0.86393,0,0
14/04/2022,0.67054,0.975,0,0
18/04/2022,0.67054,0.975,0,0
19/04/2022,0.67054,0.975,0,0
20/04/2022,0.67054,0.975,0,0
21/04/2022,0.67214,1.05142,0,0
22/04/2022,0.67214,1.05535,0,0
25/04/2022,0.67214,1.05535,0,0
26/04/2022,0.67214,1.05606,0,0
27/04/2022,0.675,1.05624,0,0
28/04/2022,0.67518,1.05679,0,0
29/04/2022,0.78554,1.09375,0,0
04/05/2022,0.78691,1.1125,0,0
05/05/2022,0.78691,1.11071,0,0
06/05/2022,0.78876,1.1125,0,0
09/05/2022,0.78876,1.1125,0,0
10/05/2022,0.78876,1.1125,0,0
11/05/2022,0.83251,1.1125,0,0
12/05/2022,0.83251,1.1125,0,0
13/05/2022,0.83269,1.1125,0,0
17/05/2022,0.83304,1.1125,0,0
18/05/2022,0.86429,1.225,0,0
19/05/2022,0.86464,1.225,0,0
20/05/2022,0.86536,1.225,0,0
23/05/2022,1.1125,1.33786,0,0
24/05/2022,1.1125,1.33786,0,0
25/05/2022,1.1125,1.33786,0,0
26/05/2022,1.1125,1.33786,0,0
27/05/2022,1.1125,1.33786,0,0
30/05/2022,1.11286,1.33786,0,0
31/05/2022,1.11393,1.33786,0,0
01/06/2022,1.11393,1.33786,0,0
02/06/2022,1.11357,1.33786,0,0
03/06/2022,1.11357,1.33786,0,0
06/06/2022,1.11357,1.33786,0,0
07/06/2022,1.11357,1.33786,0,0
08/06/2022,1.11357,1.33786,0,0
09/06/2022,1.11357,1.33786,0,0
10/06/2022,1.11571,1.33786,0,0
13/06/2022,1.11643,1.33786,0,0
14/06/2022,1.16607,1.33786,0,0
15/06/2022,1.3075,1.5625,0,0
16/06/2022,1.30929,1.56357,0,0
17/06/2022,1.30929,1.56357,0,0
20/06/2022,1.30929,1.56357,0,0
21/06/2022,1.30929,1.56357,0,0
22/06/2022,1.30929,1.56357,0,0
23/06/2022,1.34226,1.56357,0,0
24/06/2022,1.34321,1.56357,0,0
27/06/2022,1.34369,1.56357,0,0
28/06/2022,1.6625,1.9125,0,0
29/06/2022,1.6625,1.9125,0,0
30/06/2022,1.6625,1.9125,0,0
01/07/2022,1.6625,1.9125,0,0
04/07/2022,1.6625,1.9125,0,0
05/07/2022,1.6625,1.9125,0,0
06/07/2022,1.6625,1.91357,0,0
07/07/2022,1.66286,1.91357,0,0
08/07/2022,1.66321,1.91357,0,0
12/07/2022,1.66357,1.91357,0,0
13/07/2022,1.66429,1.91357,0,0
14/07/2022,1.66679,1.91357,0,0
15/07/2022,1.78929,2.00822,0,0
18/07/2022,1.79036,2.00876,0,0
19/07/2022,1.79107,2.00876,0,0
20/07/2022,1.79107,2.00876,0,0
21/07/2022,1.79107,2.00876,0,0
22/07/2022,1.79607,2.00876,0,0
25/07/2022,1.79643,2.00876,0,0
26/07/2022,1.79643,2.00876,0,0
27/07/2022,1.79643,2.00876,0,0
28/07/2022,2.34821,2.53214,0,0
29/07/2022,2.31071,2.47714,0,0
01/08/2022,2.30679,2.47571,0,0
02/08/2022,2.30679,2.47571,0,0
03/08/2022,2.31125,2.47571,0,0
04/08/2022,2.31125,2.47571,0,0
05/08/2022,2.30679,2.47786,0,0
08/08/2022,2.30679,2.47786,0,0
10/08/2022,2.30679,2.47786,0,0
11/08/2022,2.30679,2.47786,0,0
12/08/2022,2.30679,2.47786,0,0
15/08/2022,2.30679,2.47786,0,0
16/08/2022,2.30679,2.47786,0,0
17/08/2022,2.30679,2.47786,0,0
18/08/2022,2.30679,2.5575,0,0
19/08/2022,2.30679,2.55839,0,0
22/08/2022,2.30679,2.55839,0,0
23/08/2022,2.30679,2.55875,0,0
24/08/2022,2.30679,2.55911,0,0
25/08/2022,2.30679,2.55946,0,0
26/08/2022,2.33124,2.67001,0,0
29/08/2022,2.33124,2.67054,0,0
30/08/2022,2.33124,2.6709,0,0
31/08/2022,2.33124,2.6709,0,0
01/09/2022,2.33124,2.6709,0,0
02/09/2022,2.33124,2.67126,0,0
05/09/2022,2.33124,2.67161,0,0
06/09/2022,2.33124,2.67197,0,0
07/09/2022,2.33143,2.67233,0,0
08/09/2022,2.33214,2.67269,0,0
09/09/2022,2.33286,2.67304,0,0
12/09/2022,2.33357,2.6734,0,0
13/09/2022,2.33429,2.67376,0,0
14/09/2022,2.39178,2.76231,0,0
15/09/2022,2.39643,2.80964,0,0
16/09/2022,2.39732,2.81536,0,0
19/09/2022,2.39732,2.81089,0,0
20/09/2022,2.39732,2.81125,0,0
21/09/2022,2.40107,2.81214,0,0
22/09/2022,2.69376,3.03286,0,0
23/09/2022,2.69376,3.03251,0,0
26/09/2022,2.69376,3.03215,0,0
27/09/2022,2.825,3.1675,0,0
28/09/2022,2.82857,3.16876,0,0
29/09/2022,2.82857,3.16876,0,0
30/09/2022,2.83214,3.16876,0,0
03/10/2022,2.83214,3.16894,0,0
04/10/2022,2.83214,3.16983,0,0
05/10/2022,3.2119,3.355,0,0
06/10/2022,3.25952,3.35626,0,0
07/10/2022,3.16821,3.35626,0,0
10/10/2022,3.16536,3.38714,0,0
11/10/2022,3.16536,3.38786,0,0
12/10/2022,3.16536,3.38786,0,0
13/10/2022,3.16536,3.38786,0,0
14/10/2022,3.6,3.78857,0,0
17/10/2022,3.6,3.79679,0,0
18/10/2022,3.59857,3.79786,0,0
19/10/2022,3.6,3.8,0,0
20/10/2022,3.625,3.925,0,0
21/10/2022,3.625,3.92429,0,0
25/10/2022,3.625,3.92429,0,0
26/10/2022,3.625,3.92429,0,0
27/10/2022,3.625,3.925,0,0
28/10/2022,3.625,3.925,0,0
31/10/2022,3.625,3.925,0,0
01/11/2022,3.625,3.925,0,0
02/11/2022,3.625,3.925,0,0
03/11/2022,3.625,3.975,0,0
04/11/2022,3.625,3.97571,0,0
07/11/2022,3.625,3.97571,0,0
08/11/2022,3.625,3.97571,0,0
09/11/2022,3.62619,3.97571,0,0
10/11/2022,3.6269,3.97571,0,0
11/11/2022,3.6269,3.97571,0,0
14/11/2022,3.6269,3.97929,0,0
15/11/2022,3.6269,3.97929,0,0
16/11/2022,3.6269,3.97929,0,0
17/11/2022,3.6269,3.97929,0,0
18/11/2022,3.64637,4.03429,0,0
21/11/2022,3.64726,4.03429,0,0
22/11/2022,3.64726,4.03429,0,0
23/11/2022,3.69376,4.05965,0,0
24/11/2022,3.69376,4.0609,0,0
25/11/2022,3.69376,4.06126,0,0
28/11/2022,3.69394,4.06126,0,0
29/11/2022,3.69394,4.06126,0,0
30/11/2022,3.8125,4.17144,0,0
01/12/2022,3.81643,4.17161,0,0
02/12/2022,3.91786,4.17161,0,0
05/12/2022,3.91876,4.17161,0,0
06/12/2022,4.02929,4.25179,0,0
07/12/2022,4.03107,4.25179,0,0
08/12/2022,4.03107,4.25179,0,0
09/12/2022,4.03107,4.25143,0,0
12/12/2022,4.03107,4.25,0,0
13/12/2022,4.03107,4.25107,0,0
14/12/2022,4.03107,4.25036,0,0
15/12/2022,4.03107,4.25,0,0
16/12/2022,4.03107,4.25,0,0
19/12/2022,4.03107,4.25,0,0
20/12/2022,4.03107,4.25,0,0
21/12/2022,4.03107,4.25,0,0
22/12/2022,4.03107,4.25,0,0
23/12/2022,4.03107,4.25,0,0
27/12/2022,4.03107,4.25,0,0
28/12/2022,4.03107,4.25,0,0
29/12/2022,4.03107,4.25,0,0
30/12/2022,4.03107,4.25,0,0
03/01/2023,4.03107,4.25,0,0
04/01/2023,4.03107,4.25,0,0
05/01/2023,4.12571,4.25,0,0
06/01/2023,4.13106,4.25,0,0
09/01/2023,4.13106,4.25,0,0
10/01/2023,4.13106,4.25,0,0
11/01/2023,4.13106,4.25,0,0
12/01/2023,4.13106,4.25,0,0
13/01/2023,4.13106,4.25,0,0
16/01/2023,4.13106,4.25,0,0
17/01/2023,4.13106,4.25,0,0
18/01/2023,4.13106,4.25,0,0
19/01/2023,4.13106,4.25,0,0
20/01/2023,4.13106,4.25,0,0
25/01/2023,4.13106,4.25,0,0
26/01/2023,4.13106,4.25,0,0
27/01/2023,4.13106,4.25,0,0
30/01/2023,4.13106,4.25,0,0
31/01/2023,4.13089,4.25,0,0
01/02/2023,4.10626,4.25,0,0
02/02/2023,4.11803,4.25,0,0
03/02/2023,4.08518,4.24857,0,0
06/02/2023,4.08124,4.24857,0,0
07/02/2023,4.06108,4.24857,0,0
08/02/2023,4.00429,4.24857,0,0
09/02/2023,3.96143,4.1875,0,0
10/02/2023,3.95571,4.1875,0,0
13/02/2023,3.95411,4.1875,0,0
14/02/2023,3.95429,4.1875,0,0
15/02/2023,3.94571,4.1875,0,0
16/02/2023,3.965,4.1875,0,0
17/02/2023,3.965,4.1875,0,0
20/02/2023,3.96571,4.18357,0,0
21/02/2023,3.96571,4.18357,0,0
22/02/2023,3.965,4.18357,0,0
23/02/2023,3.99571,4.18357,0,0
24/02/2023,4.08214,4.18643,0,0
27/02/2023,4.09107,4.18643,0,0
28/02/2023,4.09571,4.18643,0,0
01/03/2023,4.09714,4.18643,0,0
02/03/2023,4.09857,4.18643,0,0
03/03/2023,4.09857,4.18643,0,0
06/03/2023,4.09857,4.18643,0,0
07/03/2023,4.09857,4.18643,0,0
08/03/2023,4.09857,4.18643,0,0
09/03/2023,4.09857,4.18643,0,0
10/03/2023,4.09857,4.18643,0,0
13/03/2023,4.09857,4.1875,0,0
14/03/2023,4.09857,4.18643,0,0
15/03/2023,4.09857,4.18643,0,0
16/03/2023,4.09857,4.18643,0,0
17/03/2023,4.09857,4.1875,0,0
20/03/2023,4.09857,4.1875,0,0
21/03/2023,4.09857,4.1875,0,0
22/03/2023,4.09857,4.1875,0,0
23/03/2023,4.09857,4.1875,0,0
24/03/2023,4.09857,4.1875,0,0
27/03/2023,4.09857,4.1875,0,0
28/03/2023,4.09857,4.1875,0,0
29/03/2023,4.09857,4.1875,0,0
30/03/2023,4.09857,4.1875,0,0
31/03/2023,4.09714,4.1875,0,0
03/04/2023,4.04,4.1875,0,0
04/04/2023,4.04,4.1875,0,0
05/04/2023,4.04,4.1875,0,0
06/04/2023,3.98619,4.18643,0,0
10/04/2023,3.96929,4.18643,0,0
11/04/2023,3.96571,4.18643,0,0
12/04/2023,3.965,4.18643,0,0
13/04/2023,3.96571,4.18643,0,0
14/04/2023,3.95238,4.18643,0,0
17/04/2023,3.95,4.18643,0,0
18/04/2023,3.89518,4.18321,0,0
19/04/2023,3.89143,4.18179,0,0
20/04/2023,3.89,4.18179,0,0
21/04/2023,3.94857,4.1825,0,0
24/04/2023,3.95,4.0875,0,0
25/04/2023,3.95,4.0875,0,0
26/04/2023,3.95,4.0875,0,0
27/04/2023,3.95,4.0875,0,0
28/04/2023,3.95,4.0875,0,0
02/05/2023,3.95,4.0875,0,0
03/05/2023,3.95,4.0875,0,0
04/05/2023,3.95,4.0875,0,0
05/05/2023,3.95,4.0875,0,0
08/05/2023,3.95,4.0875,0,0
09/05/2023,3.95,4.0875,0,0
10/05/2023,3.95,4.0875,0,0
11/05/2023,3.95,4.08679,0,0
12/05/2023,3.95,4.08571,0,0
15/05/2023,3.95,4.08571,0,0
16/05/2023,3.95,4.08571,0,0
17/05/2023,3.95,4.08571,0,0
18/05/2023,3.95,4.08571,0,0
19/05/2023,3.95,4.08679,0,0
22/05/2023,3.95,4.08571,0,0
23/05/2023,3.95,4.08571,0,0
24/05/2023,3.95,4.0875,0,0
25/05/2023,3.95,4.0875,0,0
26/05/2023,3.95,4.08821,0,0
29/05/2023,3.95,4.08857,0,0
30/05/2023,3.95238,4.08893,0,0
31/05/2023,3.95238,4.08929,0,0
01/06/2023,3.95238,4.08964,0,0
05/06/2023,3.95238,4.08964,0,0
06/06/2023,3.95238,4.08964,0,0
07/06/2023,3.95238,4.08964,0,0
08/06/2023,3.95238,4.08929,0,0
09/06/2023,3.95238,4.08929,0,0
12/06/2023,3.95238,4.08964,0,0
13/06/2023,3.95238,4.09,0,0
14/06/2023,3.95238,4.09,0,0
15/06/2023,3.95238,4.09,0,0
16/06/2023,3.95238,4.09,0,0
19/06/2023,3.95238,4.08964,0,0
20/06/2023,3.95238,4.08929,0,0
21/06/2023,3.95238,4.08929,0,0
22/06/2023,3.95238,4.08929,0,0
23/06/2023,3.95238,4.08929,0,0
26/06/2023,3.95238,4.08929,0,0
27/06/2023,3.95238,4.08929,0,0
28/06/2023,3.95238,4.08929,0,0
30/06/2023,3.95238,4.08964,0,0
03/07/2023,3.95238,4.08786,0,0
04/07/2023,3.95238,4.08786,0,0
05/07/2023,3.95238,4.08786,0,0
06/07/2023,3.95238,4.08786,0,0
07/07/2023,3.95238,4.08786,0,0
10/07/2023,3.95238,4.08786,0,0
11/07/2023,3.95238,4.08786,0,0
12/07/2023,3.95238,4.08786,0,0
13/07/2023,3.95238,4.08786,0,0
14/07/2023,3.95238,4.08786,0,0
17/07/2023,3.95238,4.08786,0,0
18/07/2023,3.95238,4.08786,0,0
19/07/2023,3.95238,4.08786,0,0
20/07/2023,3.95238,4.08786,0,0
21/07/2023,3.95238,4.08786,0,0
24/07/2023,3.95238,4.08786,0,0
25/07/2023,3.95238,4.08786,0,0
26/07/2023,3.95238,4.08786,0,0
27/07/2023,3.95238,4.08786,0,0
28/07/2023,3.95238,4.08786,0,0
31/07/2023,3.95238,4.08786,0,0
01/08/2023,3.95238,4.08786,0,0
02/08/2023,4.025,4.05983,0,0
03/08/2023,4,4.05697,0,0
04/08/2023,4,4.05697,0,0
07/08/2023,4.025,4.05697,0,0
08/08/2023,4.025,4.05697,0,0
10/08/2023,4.025,4.05697,0,0
11/08/2023,4,4.05697,0,0
14/08/2023,4,4.05697,0,0
15/08/2023,4,4.05697,0,0
16/08/2023,4,4.05697,0,0
17/08/2023,4,4.05697,0,0
18/08/2023,4,4.05697,0,0
21/08/2023,4,4.05697,0,0
22/08/2023,4,4.05697,0,0
23/08/2023,4,4.05697,0,0
24/08/2023,4.025,4.05697,0,0
25/08/2023,4.025,4.05644,0,0
28/08/2023,4.025,4.05644,0,0
29/08/2023,4.025,4.05644,0,0
30/08/2023,4.025,4.05644,0,0
31/08/2023,4.025,4.05644,0,0
04/09/2023,4.025,4.05644,0,0
05/09/2023,4.025,4.05644,0,0
06/09/2023,4.025,4.05644,0,0
07/09/2023,4.025,4.05644,0,0
08/09/2023,4.025,4.05644,0,0
11/09/2023,4.025,4.05644,0,0
12/09/2023,4.025,4.05644,0,0
13/09/2023,4.025,4.05644,0,0
14/09/2023,4.025,4.05644,0,0
15/09/2023,4.025,4.05644,0,0
18/09/2023,4.025,4.05644,0,0
19/09/2023,4.025,4.05644,0,0
20/09/2023,4.025,4.05644,0,0
21/09/2023,4.025,4.05644,0,0
22/09/2023,4.025,4.05644,0,0
25/09/2023,4.025,4.05644,0,0
26/09/2023,4.025,4.05644,0,0
27/09/2023,4.025,4.05644,0,0
28/09/2023,4.025,4.05644,0,0
29/09/2023,4.025,4.05697,0,0
02/10/2023,4.025,4.05697,0,0
03/10/2023,4.025,4.05697,0,0
04/10/2023,4.025,4.05697,0,0
05/10/2023,4.025,4.05697,0,0
06/10/2023,4.025,4.05697,0,0
09/10/2023,4.025,4.05697,0,0
10/10/2023,4.025,4.05697,0,0
11/10/2023,4.025,4.05697,0,0
12/10/2023,4.025,4.05697,0,0
13/10/2023,4.025,4.05697,0,0
16/10/2023,4.025,4.05697,0,0
17/10/2023,4.025,4.05644,0,0
18/10/2023,4.025,4.05644,0,0
19/10/2023,4.025,4.05644,0,0
20/10/2023,4.025,4.05644,0,0
23/10/2023,4.025,4.05644,0,0
24/10/2023,4.025,4.05644,0,0
25/10/2023,4.025,4.05644,0,0
26/10/2023,4.025,4.05644,0,0
27/10/2023,4.025,4.05644,0,0
30/10/2023,4.025,4.05644,0,0
31/10/2023,4.025,4.05644,0,0
01/11/2023,4.025,4.05644,0,0
02/11/2023,4.025,4.05644,0,0
03/11/2023,4.025,4.05644,0,0
06/11/2023,4.025,4.05644,0,0
07/11/2023,4.025,4.05644,0,0
08/11/2023,4.025,4.05644,0,0
09/11/2023,4.025,4.05644,0,0
10/11/2023,4.025,4.05644,0,0
14/11/2023,4.02429,4.05644,0,0
15/11/2023,4.02429,4.05644,0,0
16/11/2023,4.02429,4.05644,0,0
17/11/2023,4.02429,4.05644,0,0
20/11/2023,4.02429,4.05644,0,0
21/11/2023,4.02429,4.05644,0,0
22/11/2023,4.02429,4.05644,0,0
23/11/2023,4.025,4.05644,0,0
24/11/2023,4.025,4.05644,0,0
27/11/2023,4.025,4.05644,0,0
28/11/2023,4.025,4.05644,0,0
29/11/2023,4.025,4.05644,0,0
30/11/2023,4.025,4.05644,0,0
01/12/2023,4.025,4.05644,0,0
04/12/2023,4.025,4.05644,0,0
05/12/2023,4.025,4.05644,0,0
06/12/2023,4.025,4.05644,0,0
07/12/2023,4.025,4.05644,0,0
08/12/2023,4.025,4.05644,0,0
11/12/2023,4.025,4.05644,0,0
12/12/2023,4.025,4.05644,0,0
13/12/2023,4.025,4.05644,0,0
14/12/2023,4.025,4.05644,0,0
15/12/2023,4.025,4.05644,0,0
18/12/2023,4.025,4.05644,0,0
19/12/2023,4.025,4.05697,0,0
20/12/2023,4.025,4.05697,0,0
21/12/2023,4.025,4.05697,0,0
22/12/2023,4.025,4.05697,0,0
26/12/2023,4.025,4.05697,0,0
27/12/2023,4.025,4.05697,0,0
28/12/2023,4.025,4.05697,0,0
29/12/2023,4.025,4.05697,0,0
02/01/2024,4.025,4.05697,0,0
03/01/2024,4.025,4.05697,0,0
04/01/2024,4.025,4.05697,0,0
05/01/2024,4.025,4.05697,0,0
08/01/2024,4.025,4.05697,0,0
09/01/2024,4.025,4.05697,0,0
10/01/2024,4.025,4.05697,0,0
11/01/2024,4.025,4.05697,0,0
12/01/2024,4.025,4.05697,0,0
15/01/2024,4.025,4.05697,0,0
16/01/2024,4.025,4.05644,0,0
17/01/2024,4.025,4.05644,0,0
18/01/2024,4.02429,4.05644,0,0
19/01/2024,4.02429,4.05644,0,0
22/01/2024,4.02429,4.05644,0,0
23/01/2024,4.02429,4.05644,0,0
24/01/2024,4.02429,4.05626,0,0
25/01/2024,4.02429,4.05626,0,0
26/01/2024,4.02429,4.05626,0,0
29/01/2024,4.02429,4.05626,0,0
30/01/2024,4.02429,4.05626,0,0
31/01/2024,4.02429,4.05626,0,0
01/02/2024,4.02429,4.05626,0,0
02/02/2024,4.02429,4.05626,0,0
05/02/2024,4.02429,4.05626,0,0
06/02/2024,4.02429,4.05626,0,0
07/02/2024,4.02429,4.05626,0,0
08/02/2024,4.02429,4.05626,0,0
09/02/2024,4.02429,4.05626,0,0
13/02/2024,4.02429,4.05626,0,0
14/02/2024,4.02429,4.05626,0,0
15/02/2024,4.02429,4.05626,0,0
16/02/2024,4.02429,4.05626,0,0
19/02/2024,4.02429,4.05626,0,0
20/02/2024,4.02429,4.05626,0,0
21/02/2024,4.02429,4.05626,0,0
22/02/2024,4.02429,4.05626,0,0
23/02/2024,4.02429,4.05626,0,0
26/02/2024,4.02429,4.05626,0,0
27/02/2024,4.02429,4.05626,0,0
28/02/2024,4.02429,4.05626,0,0
29/02/2024,4.02429,4.05626,0,0
01/03/2024,4.02429,4.05626,0,0
04/03/2024,4.02429,4.05626,0,0
05/03/2024,4.02429,4.05626,0,0
06/03/2024,4.02429,4.05626,0,0
07/03/2024,4.02429,4.05626,0,0
08/03/2024,4.02429,4.05626,0,0
11/03/2024,4.02429,4.05626,0,0
12/03/2024,4.025,4.05626,0,0
13/03/2024,4.025,4.05644,0,0
14/03/2024,4.025,4.05644,0,0
15/03/2024,4.025,4.05644,0,0
18/03/2024,4.025,4.05644,0,0
19/03/2024,4.025,4.05644,0,0
20/03/2024,4.025,4.05644,0,0
21/03/2024,4.025,4.05644,0,0
22/03/2024,4.025,4.05644,0,0
25/03/2024,4.025,4.05644,0,0
26/03/2024,4.025,4.05644,0,0
27/03/2024,4.025,4.05644,0,0
28/03/2024,4.025,4.05644,0,0
01/04/2024,4.025,4.05644,0,0
02/04/2024,4.025,4.05644,0,0
03/04/2024,4.025,4.05644,0,0
04/04/2024,4.025,4.05644,0,0
05/04/2024,4.025,4.05644,0,0
08/04/2024,3.98429,4.05179,0,0
09/04/2024,3.97619,4.05,0,0
11/04/2024,3.94429,4.05,0,0
12/04/2024,3.94429,4.05,0,0
15/04/2024,3.94286,4.05,0,0
16/04/2024,3.91286,4.05,0,0
17/04/2024,3.91143,4.05,0,0
18/04/2024,3.91143,4.05,0,0
19/04/2024,3.91143,4.05,0,0
22/04/2024,3.91143,4.05,0,0
23/04/2024,3.91143,4.05,0,0
24/04/2024,3.91143,4.05,0,0
25/04/2024,3.91143,4.05,0,0
26/04/2024,3.91143,4.05,0,0
29/04/2024,3.91,4.05,0,0
30/04/2024,3.91,4.05,0,0
02/05/2024,3.91,4.05,0,0
03/05/2024,3.91,4.05,0,0
06/05/2024,3.91,4.05,0,0
07/05/2024,3.91,4.05,0,0
08/05/2024,3.91,4.05,0,0
09/05/2024,3.91,4.05,0,0
10/05/2024,3.91,4.05,0,0
13/05/2024,3.91,4.05,0,0
14/05/2024,3.91,4.05,0,0
15/05/2024,3.91,4.05,0,0
16/05/2024,3.91,4.05,0,0
17/05/2024,3.91,4.05,0,0
20/05/2024,3.91,4.05,0,0
21/05/2024,3.91,4.05,0,0
23/05/2024,3.91,4.05,0,0
24/05/2024,3.91,4.05,0,0
27/05/2024,3.91,4.05,0,0
28/05/2024,3.91,4.05,0,0
29/05/2024,3.91,4.05,0,0
30/05/2024,3.91,4.05,0,0
31/05/2024,3.91,4.05,0,0
03/06/2024,3.91,4.05,0,0
04/06/2024,3.91,4.05,0,0
05/06/2024,3.91,4.05,0,0
06/06/2024,3.91,4.05,0,0
07/06/2024,3.91,4.05,0,0
10/06/2024,3.91,4.05,0,0
11/06/2024,3.91,4.05,0,0
12/06/2024,3.91,4.05,0,0
13/06/2024,3.91,4.05,0,0
14/06/2024,3.91,4.05,0,0
18/06/2024,3.91,4.05,0,0
19/06/2024,3.91,4.05,0,0
20/06/2024,3.91,4.05,0,0
21/06/2024,3.91,4.05,0,0
24/06/2024,3.91,4.05,0,0
25/06/2024,3.91,4.05,0,0
26/06/2024,3.91,4.05,0,0
27/06/2024,3.91,4.05,0,0
28/06/2024,3.91,4.05,0,0
01/07/2024,3.91,4.05,0,0
02/07/2024,3.91,4.05,0,0
03/07/2024,3.91,4.05,0,0
04/07/2024,3.91,4.05,0,0
05/07/2024,3.91,4.05,0,0
08/07/2024,3.91,4.05,0,0
09/07/2024,3.91,4.05,0,0
10/07/2024,3.91,4.05,0,0
11/07/2024,3.91,4.05,0,0
12/07/2024,3.91,4.05,0,0
15/07/2024,3.91,4.05,0,0
16/07/2024,3.91,4.05,0,0
17/07/2024,3.91,4.05,0,0
18/07/2024,3.91,4.05,0,0
19/07/2024,3.9,4.05,0,0
22/07/2024,3.9,4.05,0,0
23/07/2024,3.9,4.05,0,0
24/07/2024,3.9,4.05,0,0
25/07/2024,3.9,4.05,0,0
26/07/2024,3.9,4.05,0,0
29/07/2024,3.9,3.9,0,0
30/07/2024,3.9,3.9,0,0
31/07/2024,3.9,3.9,0,0
01/08/2024,3.87583,3.9,0,0
02/08/2024,3.85,3.9,0,0
05/08/2024,3.85,3.9,0,0
06/08/2024,3.85,3.9,0,0
07/08/2024,3.85,3.8,0,0
08/08/2024,3.85,3.8,0,0
12/08/2024,3.85,3.8,0,0
13/08/2024,3.85,3.8,0,0
14/08/2024,3.85,3.8,0,0
15/08/2024,3.85,3.8,0,0
16/08/2024,3.825,3.8,0,0
19/08/2024,3.825,3.8,0,0
20/08/2024,3.8,3.8,0,0
21/08/2024,3.75167,3.8,0,0
22/08/2024,3.7,3.7,0,0
23/08/2024,3.7,3.7,0,0
26/08/2024,3.65167,3.7,0,0
27/08/2024,3.65,3.7,0,0
28/08/2024,3.65,3.7,0,0
29/08/2024,3.65,3.7,0,0
30/08/2024,3.65,3.7,0,0
02/09/2024,3.65,3.7,0,0
03/09/2024,3.65,3.7,0,0
04/09/2024,3.65,3.7,0,0
05/09/2024,3.65,3.7,0,0
06/09/2024,3.65,3.7,0,0
09/09/2024,3.65,3.7,0,0
10/09/2024,3.65,3.7,0,0
11/09/2024,3.65,3.69667,0,0
12/09/2024,3.64833,3.55,0,0
13/09/2024,3.64833,3.55,0,0
16/09/2024,3.64833,3.55,0,0
17/09/2024,3.64833,3.55,0,0
18/09/2024,3.64833,3.55,0,0
19/09/2024,3.64833,3.55,0,0
20/09/2024,3.5,3.4,0,0
23/09/2024,3.5,3.4,0,0
24/09/2024,3.5,3.4,0,0
25/09/2024,3.5,3.4,0,0
26/09/2024,3.5,3.4,0,0
27/09/2024,3.5,3.4,0,0
30/09/2024,3.5,3.4,0,0
01/10/2024,3.355,3.30167,0,0
02/10/2024,3.35167,3.3,0,0
03/10/2024,3.35167,3.3,0,0
04/10/2024,3.35167,3.3,0,0
07/10/2024,3.35167,3.3,0,0
08/10/2024,3.35,3.3,0,0
09/10/2024,3.35,3.3,0,0
10/10/2024,3.35,3.3,0,0
11/10/2024,3.35,3.3,0,0
14/10/2024,3.35,3.3,0,0
15/10/2024,3.35,3.3,0,0
16/10/2024,3.3,3.3,0,0
17/10/2024,3.3,3.3,0,0
18/10/2024,3.3,3.3,0,0
21/10/2024,3.28,3.3,0,0
22/10/2024,3.28,3.3,0,0
23/10/2024,3.28,3.3,0,0
24/10/2024,3.28,3.3,0,0
25/10/2024,3.28,3.3,0,0
28/10/2024,3.28,3.3,0,0
29/10/2024,3.28,3.3,0,0
30/10/2024,3.28,3.3,0,0
01/11/2024,3.28,3.3,0,0
04/11/2024,3.28,3.3,0,0
05/11/2024,3.28,3.3,0,0
06/11/2024,3.28,3.3,0,0
07/11/2024,3.28,3.3,0,0
08/11/2024,3.28,3.3,0,0
11/11/2024,3.28,3.3,0,0
12/11/2024,3.28,3.3,0,0
13/11/2024,3.28,3.3,0,0
14/11/2024,3.28,3.3,0,0
15/11/2024,3.28,3.3,0,0
18/11/2024,3.28,3.3,0,0
19/11/2024,3.28,3.3,0,0
20/11/2024,3.28,3.3,0,0
21/11/2024,3.28,3.3,0,0
22/11/2024,3.28,3.3,0,0
25/11/2024,3.28,3.3,0,0
26/11/2024,3.28,3.3,0,0
27/11/2024,3.28,3.3,0,0
28/11/2024,3.28,3.3,0,0
29/11/2024,3.28,3.3,0,0
02/12/2024,3.28,3.3,0,0
03/12/2024,3.28,3.3,0,0
04/12/2024,3.28,3.3,0,0
05/12/2024,3.28,3.3,0,0
06/12/2024,3.28,3.3,0,0
09/12/2024,3.28,3.3,0,0
10/12/2024,3.28,3.3,0,0
11/12/2024,3.28,3.3,0,0
12/12/2024,3.28,3.3,0,0
13/12/2024,3.28,3.3,0,0
16/12/2024,3.28,3.3,0,0
17/12/2024,3.28,3.3,0,0
18/12/2024,3.28,3.3,0,0
19/12/2024,3.28,3.3,0,0
20/12/2024,3.28,3.3,0,0
23/12/2024,3.28,3.3,0,0
24/12/2024,3.28,3.3,0,0
26/12/2024,3.28,3.3,0,0
27/12/2024,3.28,3.3,0,0
30/12/2024,3.28,3.3,0,0
31/12/2024,3.28,3.3,0,0
